"Customer Number","Customer Name","Previous Outstanding","New Due","Cutting Amount"
N/A,"1612908 Sgt Crypto Md Mofizul",0.00,380.00,380.00
N/A,"1613136 Sgt Crypto Md Sirazul",0.00,10.00,10.00
N/A,"1613418 Sgt Ds Raton",0.00,1208.00,1208.00
N/A,"1613503 Lcpl WS Saiful",0.00,32.00,32.00
N/A,"1613901 Lcpl Md Atiar",0.00,20.00,20.00
N/A,"1613924 Sgt Op Mahabu",0.00,60.00,60.00
N/A,"1614066 sgt w/s Mizan",0.00,209.00,209.00
N/A,"1614106 Sgt Op Md Riaz",0.00,494.00,494.00
N/A,"1614157 sgt sofiquel islam",0.00,1034.00,1034.00
N/A,"1614178 sgt(op) MD NUR NOBI",0.00,410.00,410.00
N/A,"1614371 sgt op Hosen",0.00,1716.00,1716.00
N/A,"1614395 Cpl (Dvr) Md Nur Islam",0.00,1025.00,1025.00
N/A,"1614484 sgt op aminul islam",0.00,316.00,316.00
N/A,"1614509 Sgt Op Md Motiur",0.00,50.00,50.00
N/A,"1614512 Sgt (D/S) Elias Repon",0.00,110.00,110.00
N/A,"1614741 Lcpl Cook Md Moklesh",0.00,45.00,45.00
N/A,"1614745 Sgt Op Md Emdad",0.00,990.00,990.00
N/A,"1614831 Sgt Op Sorkar Aktarujaman",0.00,884.00,884.00
N/A,"1614893 cpl cook robiul",0.00,2235.00,2235.00
N/A,"1614914 cpl ws tofazzol",0.00,2860.00,2860.00
N/A,"1614947 Cpl Op Md Sha Alam",0.00,410.00,410.00
N/A,"1614985 Nce Kamal",0.00,90.00,90.00
N/A,"1614989 NCE Ibrhim",0.00,70.00,70.00
N/A,"1615018 sgt cry md nahid",0.00,1088.00,1088.00
N/A,"1615298 cpl ws  Md kalam",0.00,225.00,225.00
N/A,"1615322 Cpl Dvr Md Aminul",0.00,92.00,92.00
N/A,"1615426 Lcpl Cook Ismail",0.00,700.00,700.00
N/A,"1615508 Cpl Cook Sultan",0.00,770.00,770.00
N/A,"1615753 Cpl Dvr Md Aminur",0.00,410.00,410.00
N/A,"1615801 Cpl op Rasel",0.00,40.00,40.00
N/A,"1615899 NCE Alamgir",0.00,3105.00,3105.00
N/A,"1615936 Cpl DS Moniam",0.00,558.00,558.00
N/A,"1615976 sgt TECH  Rubel Hosen",0.00,6456.00,6456.00
N/A,"1616172 sgt[clk] md khairul alom",0.00,155.00,155.00
N/A,"1616451 Cpl Dvr Md Ahad",0.00,130.00,130.00
N/A,"1616851 Cpl Abdul Kader",0.00,4316.00,4316.00
N/A,"1617054 CplTech Motiur Rahman",0.00,744.00,744.00
N/A,"1617154 Cpl (DS) MD Shohel",0.00,210.00,210.00
N/A,"1617289 Lcpl Nobel",0.00,986.00,986.00
N/A,"1617346 Sgt Crypto Md Shabuz Mia",0.00,78.00,78.00
N/A,"1617389 Cpl Tech Md Sahidar",0.00,112.00,112.00
N/A,"1617635 Lcpl Dvr Md Khirul",0.00,60.00,60.00
N/A,"1617651 cpl smt Azmirul",0.00,2463.00,2463.00
N/A,"1617652 Cpl Op Golam Robbani",0.00,2528.00,2528.00
N/A,"1617732 Lcpl Dvr Md Al Mamun",0.00,50.00,50.00
N/A,"1617763 Cpl Tech Sumon",0.00,37.00,37.00
N/A,"1617765 cpl Dvr Masud",0.00,508.00,508.00
N/A,"1617887 cpl Op Md Mahamudul",0.00,30.00,30.00
N/A,"1617889 Lcpl Tech Md Rubel",0.00,137.00,137.00
N/A,"1617931 Snk Dvr Md Asfak",0.00,702.00,702.00
N/A,"1617937 Lcpl Op Hasibul",0.00,130.00,130.00
N/A,"1617986 Cpl Dvr Md Arif",0.00,11783.00,11783.00
N/A,"1618064 Sgt Crypto Md Ebadat",0.00,1599.00,1599.00
N/A,"1618190 Cpl Clk Shibli",0.00,3055.00,3055.00
N/A,"1618228 Cpl(Tech) Md Obidullah",0.00,265.00,265.00
N/A,"1618229 cpl op ahasan habib hridoy",0.00,1661.00,1661.00
N/A,"1618277 Snk Minhaz",0.00,2037.00,2037.00
N/A,"1618347 Snk Cook Md Labu",0.00,3973.00,3973.00
N/A,"1618546 Snk Cook Md Earshed",0.00,419.00,419.00
N/A,"1618620 Lcpl Op Miso",0.00,555.00,555.00
N/A,"1619191 Snk Cook Md Muzahid",0.00,2292.00,2292.00
N/A,"1619228 nce saidur",0.00,88.00,88.00
N/A,"1619262 NCE Ashraful",0.00,1727.00,1727.00
N/A,"1619467 lcpl DS Md Salman",0.00,1405.00,1405.00
N/A,"1619503 Snk Dvr Sazzad",0.00,438.00,438.00
N/A,"1619538 Snk Dvr Md Masud",0.00,381.00,381.00
N/A,"1619563 Snk Dvr Rakib",0.00,10.00,10.00
N/A,"1619712 Snk Dvr Md Rabbi",0.00,3136.00,3136.00
N/A,"1619722  Lcpl Tech Rounok",0.00,44.00,44.00
N/A,"1619818 Snk Dvr Zahidul",0.00,401.00,401.00
N/A,"1619824 Snk Clk Emdad",0.00,605.00,605.00
N/A,"1619848 Lcpl Tech Md Aziz",0.00,365.00,365.00
N/A,"1619872 Cpl Crypto  Parvez",0.00,225.00,225.00
N/A,"1620088 Snk Ds Jashim",0.00,130.00,130.00
N/A,"1620107 Snk Op Abdulla",0.00,309.00,309.00
N/A,"1620117 Snk ws Forhat",0.00,275.00,275.00
N/A,"1620154  Lcpl OP Shohel",0.00,325.00,325.00
N/A,"1620184 Snk Dvr Md Numan",0.00,260.00,260.00
N/A,"1620309 Snk Op Md Tawfiq",0.00,60.00,60.00
N/A,"1620317 Snk Dvr Alamin",0.00,185.00,185.00
N/A,"1620379 Snk Dvr Md Limon",0.00,544.00,544.00
N/A,"1620402 Snk Dvr Humiyun Kabir",0.00,209.00,209.00
N/A,"1620443 snk ws md arif",0.00,453.00,453.00
N/A,"1620488 Snk Dvr Md Robin",0.00,819.00,819.00
N/A,"1620495 Snk C&amp;J Md Shadath",0.00,84.00,84.00
N/A,"1620525 Snk Dvr Md Asad",0.00,169.00,169.00
N/A,"1620545 Snk Op Md Samsul",0.00,459.00,459.00
N/A,"1620558 Snk WS Md Rabiul",0.00,66.00,66.00
N/A,"1620639 Snk Op Md Kader",0.00,575.00,575.00
N/A,"1620721 Snk Op Rafizul Islam",0.00,829.00,829.00
N/A,"1620730 Snk Op Md Tanjib",0.00,1346.00,1346.00
N/A,"1620828 snk Mostafa",0.00,72.00,72.00
N/A,"1620841 UP Lcpl op Md Zihad",0.00,80.00,80.00
N/A,"1621247 SNK (OP) SOHRAB HOSEN",0.00,30.00,30.00
N/A,"1621313 NCE Mamun",0.00,846.00,846.00
N/A,"1621374 Snk Dvr Md Sobuz Mia",0.00,290.00,290.00
N/A,"1621411 Snk Emon Hasan",0.00,1980.00,1980.00
N/A,"1621442 Snk Op Yamin Mullah",0.00,316.00,316.00
N/A,"1621486 Snk Op Md Shahin",0.00,3987.00,3987.00
N/A,"1621493 Cpl Cry Shariya",0.00,417.00,417.00
N/A,"1621517 Snk Op Md Subo",0.00,184.00,184.00
N/A,"1621760 Snk Tech Md Mosabbir",0.00,236.00,236.00
N/A,"1621822 Snk oP SHAHALOM",0.00,889.00,889.00
N/A,"1621947 Snk Dvr Md Rabbni",0.00,1850.00,1850.00
N/A,"1621982 Snk Op Md Pervez",0.00,28.00,28.00
N/A,"1622098 Snk Op Md Mehidi",0.00,449.00,449.00
N/A,"1622164 snk op Naimul",0.00,57.00,57.00
N/A,"1622210 UP Lcpl Md Rezaul",0.00,144.00,144.00
N/A,"1622273 Snk Dvr Alauddin",0.00,258.00,258.00
N/A,"1622404 Snk Tech Md Hai",0.00,70.00,70.00
N/A,"1622432 Snk Op Md Akter",0.00,1392.00,1392.00
N/A,"1622474 Snk Op Dulal",0.00,30.00,30.00
N/A,"1622481 Snk Op Md Masud",0.00,70.00,70.00
N/A,"1622518 Snk Op Md Atick",0.00,366.00,366.00
N/A,"1622546 Snk Op Md Topu  Rihan",0.00,25.00,25.00
N/A,"1622555 Snk Op Md Awal",0.00,415.00,415.00
N/A,"1622566 Clp (Crypto) Atiqur Rahman",0.00,385.00,385.00
N/A,"1622569 Snk Op Md Nasir",0.00,1795.00,1795.00
N/A,"1622583 Snk Op Md Yasin",0.00,107.00,107.00
N/A,"1622597 Snk Op Ismail Hossain",0.00,22.00,22.00
N/A,"1622639 Snk Dvr Md Musaraf",0.00,5.00,5.00
N/A,"1622674 CPL(CRY) Md AHSAN HABIB",0.00,309.00,309.00
N/A,"1622711 NCE Rafiqul",0.00,1422.00,1422.00
N/A,"1622821 Snk Op Md Abdullah",0.00,95.00,95.00
N/A,"1622840 Snk Tech Nur Bokto",0.00,50.00,50.00
N/A,"1622907 Snk Dvr Md Asraful",0.00,1406.00,1406.00
N/A,"1622930 Snk Op Md Sakawat",0.00,988.00,988.00
N/A,"1623024 Snk Op Azizul",0.00,249.00,249.00
N/A,"1623058 Snk Md Tarikul",0.00,321.00,321.00
N/A,"1623075 Snk Op Md Mafuz",0.00,90.00,90.00
N/A,"1623089 Snk Op Md Tarikul",0.00,50.00,50.00
N/A,"1623095 Snk Op Md Alamin",0.00,229.00,229.00
N/A,"1623164 Snk Dvr Md Ali",0.00,474.00,474.00
N/A,"1623185 Snk Op Md Faisal",0.00,288.00,288.00
N/A,"1623221 Snk Clk Md Mojahed",0.00,2414.00,2414.00
N/A,"1623225 Snk Op Md Asikur",0.00,20.00,20.00
N/A,"1623237 Snk Op Barak Ali",0.00,708.00,708.00
N/A,"1623285 Snk WS Md Rajib",0.00,37.00,37.00
N/A,"1623331 Snk Dvr Md Alamin",0.00,508.00,508.00
N/A,"1623352 Snk Op Md Moin",0.00,280.00,280.00
N/A,"1623370 Snk Op Md Shamim",0.00,180.00,180.00
N/A,"1623408 Snk Dvr Md Khokun",0.00,260.00,260.00
N/A,"1623445 Snk Op Md Sagor",0.00,197.00,197.00
N/A,"1623509 Snk Op Md Saiful",0.00,622.00,622.00
N/A,"1623525 Snk Op Md Sabbir",0.00,359.00,359.00
N/A,"1623573 Snk Dvr Md Washim",0.00,449.00,449.00
N/A,"1623618 Snk Op Nusrat",0.00,87.00,87.00
N/A,"1623625 Snk Cook Md Mizan",0.00,1511.00,1511.00
N/A,"1623629 Snk Op Sujoy",0.00,60.00,60.00
N/A,"1623684 Snk Dvr Md Mazahar",0.00,1828.00,1828.00
N/A,"1623698 Snk cook Nasim",0.00,375.00,375.00
N/A,"1623700 Snk Op Md Shahin",0.00,3585.00,3585.00
N/A,"1623731 Snk DS Md Pervez",0.00,992.00,992.00
N/A,"1623765 Snk Md Samiul Alin",0.00,583.00,583.00
N/A,"1623774 snk sobuj",0.00,1650.00,1650.00
N/A,"1623775 Snk Tech Md Arif",0.00,60.00,60.00
N/A,"1623857 Snk OP Md Lahim",0.00,2220.00,2220.00
N/A,"1623868 Snk Tech Md Simum",0.00,215.00,215.00
N/A,"1623887 Snk Tech Md Shamim",0.00,445.00,445.00
N/A,"1623917 Snk Tech Md Sobo",0.00,910.00,910.00
N/A,"1623945 Snk Tech Md Sojib",0.00,66.00,66.00
N/A,"1623996 Snk Dvr Md Nuruzzaman",0.00,829.00,829.00
N/A,"1624017 Snk Op Md Rifat",0.00,25.00,25.00
N/A,"1624024 Snk Dvr Rony",0.00,871.00,871.00
N/A,"1624046 Snk Op Md Redoy",0.00,860.00,860.00
N/A,"1624080 Snk Dvr Md Tuhin",0.00,580.00,580.00
N/A,"1624100 Snk Tech Md Bappi",0.00,688.00,688.00
N/A,"1624125 Snk Op Md Shariyar ",0.00,1598.00,1598.00
N/A,"1624130 Snk Op Nabil",0.00,65.00,65.00
N/A,"1624134 snk Tech Md Obidur",0.00,2611.00,2611.00
N/A,"1624156 snk WS Md Abir",0.00,246.00,246.00
N/A,"1624215 Snk Op Md Azizul",0.00,426.00,426.00
N/A,"1624243 Snk Op Asamone",0.00,10.00,10.00
N/A,"1624261 Snk Op Md Mehidi",0.00,685.00,685.00
N/A,"1624279 Snk Op Md Masud",0.00,2020.00,2020.00
N/A,"1624293 Snk Op Md Asik",0.00,362.00,362.00
N/A,"1624305 snk op Rakib",0.00,670.00,670.00
N/A,"1624412 Snk WS Md Mahamud",0.00,90.00,90.00
N/A,"1624459 Snk WS Md Ruhul",0.00,2008.00,2008.00
N/A,"1624477 Snk Op Imon",0.00,213.00,213.00
N/A,"1624573 Snk Dvr Md Mamun",0.00,22.00,22.00
N/A,"1624594 Snk Op Md Nur uddin",0.00,75.00,75.00
N/A,"1624601 Snk WS Md Ruhul",0.00,160.00,160.00
N/A,"1624609 Snk Op Md Al Mamun",0.00,493.00,493.00
N/A,"1624640 Snk Op Eikra talukder",0.00,642.00,642.00
N/A,"1624683 Snk Tech Md Sakib",0.00,100.00,100.00
N/A,"1624719 Snk Op Md Obaidur",0.00,45.00,45.00
N/A,"1624743 Snk Clk Mustafizur",0.00,333.00,333.00
N/A,"1624751 Snk Op Md Rashidul",0.00,587.00,587.00
N/A,"1624764 Snk Dvr Md Sabbir",0.00,1482.00,1482.00
N/A,"1624767 Snk Dvr Md Imon",0.00,20.00,20.00
N/A,"1624863 Snk Op Md Zahid",0.00,1406.00,1406.00
N/A,"1624877 Snk Dvr Md Helal",0.00,130.00,130.00
N/A,"1624885 Snk Op Bipul",0.00,470.00,470.00
N/A,"1624912 Snk Tech Md Sahim",0.00,10.00,10.00
N/A,"1624917 Snk Op Md Samrat",0.00,974.00,974.00
N/A,"1624927 Snk Op Md Momin",0.00,50.00,50.00
N/A,"1624934 Snk Op Md Elius",0.00,434.00,434.00
N/A,"1624957 Snk Op Md Tanvir",0.00,552.00,552.00
N/A,"1624982 NCE Arif",0.00,3305.00,3305.00
N/A,"1624987 Nce Mahedi",0.00,3856.00,3856.00
N/A,"1625016 Snk Dtmn Md Jahidul Islam",0.00,181.00,181.00
N/A,"1625018 Snk OP Md Sumon Hosen",0.00,164.00,164.00
N/A,"1625039 Snk Op Md Munna Ali",0.00,2584.00,2584.00
N/A,"1625045 Snk Ds Md Habibur Rahman",0.00,30.00,30.00
N/A,"1625083 Snk Op Md Mushfikur Rahman",0.00,486.00,486.00
N/A,"1625126 Snk Op Sorif Ahmmed",0.00,119.00,119.00
N/A,"1625135 Snk Op Samim Ahmod",0.00,210.00,210.00
N/A,"1625158 Snk Tech Md Rowshon Sarkar",0.00,359.00,359.00
N/A,"1625211 Snk Ds Md Mezbaul Alom Tasin",0.00,162.00,162.00
N/A,"1625218 Snk Tech Md Ahad Ali",0.00,40.00,40.00
N/A,"1625255 Snk Op Md Soriful Islam",0.00,1721.00,1721.00
N/A,"1625258 Snk Op Md Ahosan Habib",0.00,115.00,115.00
N/A,"1625259 snk (op) Limon",0.00,615.00,615.00
N/A,"1625266 Snk Ds Md Rashidul Islam",0.00,822.00,822.00
N/A,"1625272 Snk Op Md Rabbi Hosen",0.00,260.00,260.00
N/A,"1625317 Snk Ds Mostafijur Rahman",0.00,1116.00,1116.00
N/A,"1625421 Snk Clk Ayesha",0.00,375.00,375.00
N/A,"1625445 Snk Tech Mst Onnono Yeasmin",0.00,137.00,137.00
N/A,"1625466 Snk Op Md Sahariya Islam",0.00,2933.00,2933.00
N/A,"1625480 Snk Op Md Mushfikur Rahman Maruf",0.00,344.00,344.00
N/A,"1625527 Snk Ws Aminur Rahman Ridoy",0.00,1029.00,1029.00
N/A,"1625609 nce samir",0.00,2375.00,2375.00
N/A,"1625616 Snk Clk Rifat",0.00,385.00,385.00
N/A,"1625669 Snk Clk Ismail",0.00,127.00,127.00
N/A,"1625735 Snk Ws Rafi",0.00,214.00,214.00
N/A,"1625782 Snk op Rakib",0.00,42.00,42.00
N/A,"1625793 Snk OP Saikul Islam shuvo",0.00,404.00,404.00
N/A,"1625820 Snk Tech Nasibul islam",0.00,1056.00,1056.00
N/A,"1625937 Snk Op Tahomina",0.00,695.00,695.00
N/A,"1625974 Snk Op Rashed",0.00,387.00,387.00
N/A,"1626004 Snk Ds Kaife",0.00,247.00,247.00
N/A,"169874 snk op tamjil",0.00,56.00,56.00
N/A,"169876 snk cook rojob",0.00,135.00,135.00
N/A,"2000       Hasan dhupi",0.00,3361.00,3361.00
N/A,"2412099 Cpl Md Masud",0.00,20.00,20.00
N/A,"2412500 Cpl Md Alamgir",0.00,24.00,24.00
N/A,"2413334 Cpl Md Mafuz",0.00,22.00,22.00
N/A,"2415054 Cpl Md Raju",0.00,113.00,113.00
N/A,"2415881 Lcpl Monir",0.00,697.00,697.00
N/A,"2418738  EME Snk  Asad",0.00,1597.00,1597.00
N/A,"4061455 snk Rabbi",0.00,55.00,55.00
N/A,"4069565 snk rasel",0.00,175.00,175.00
N/A,"BA-10654 Capt Md Khairul Islam, Sigs",0.00,65.00,65.00
N/A,"BA-10666 Maj Mehedi Hasah",0.00,154.00,154.00
N/A,"BA-11523 Lt K M Habib Hasan Saikat, Sigs",0.00,267.00,267.00
N/A,"BA-12039 lt Rafid",0.00,230.00,230.00
N/A,"BA-8938 Maj Tahsin Abdullah, Sigs",0.00,215.00,215.00
N/A,"BA-9794 Capt Owiais Bin Dastagir, Sigs",0.00,12.00,12.00
N/A,"civ Tipu Sultan Jco Mess Boy",0.00,669.00,669.00
N/A,"civil 15107 Sohanur",0.00,6316.00,6316.00
N/A,"Civil Jubayer 99",0.00,49.00,49.00
N/A,"Civil Mizan Dhupi",0.00,800.00,800.00
N/A,"JCOS MESS",0.00,180.00,180.00
N/A,"NCU Furkan",0.00,140.00,140.00
N/A,"Subas Chando mali",0.00,1653.00,1653.00
N/A,"tailor - Orjun",0.00,620.00,620.00
