Customer Number,Customer Name,Cutting Amount
1614484,1614484 sgt op aminul islam,85.00
1614745,1614745 Sgt Op Md Emdad,10.00
1614831,1614831 Sgt Op Sorkar Aktarujaman,270.00
1614893,1614893 cpl cook robiul,260.00
1614914,1614914 cpl ws tofazzol,4866.00
1615018,1615018 sgt cry md nahid,85.00
1615298,1615298 cpl ws  Md kalam,125.00
1615508,1615508 Cpl Cook Sultan,770.00
1615936,1615936 Cpl DS Moniam,116.00
1616151,1616151 nce sumon ali,120.00
1616172,1616172 sgt[clk] md khairul alom,62.00
1616851,1616851 Cpl Abdul Kader,534.00
1617054,1617054 CplTech Motiur Rahman,744.00
1617289,1617289 Lcpl Nobel,107.00
1617346,1617346 Sgt Crypto Md Shabuz Mia,24.00
1617651,1617651 cpl smt Azmirul,216.00
1617652,1617652 Cpl Op Golam Robbani,232.00
1617765,1617765 cpl Dvr Masud,49.00
1617986,1617986 Cpl Dvr Md Arif,7305.00
1618064,1618064 Sgt Crypto Md Ebadat,60.00
1618190,1618190 Cpl Clk Shibli,317.00
1618347,1618347 Snk Cook Md Labu,400.00
1618546,1618546 Snk Cook Md Earshed,46.00
1619191,1619191 Snk Cook Md Muzahid,1829.00
1619262,1619262 NCE Ashraful,250.00
1619467,1619467 lcpl DS Md Salman,254.00
1619503,1619503 Snk Dvr Sazzad,110.00
1619712,1619712 Snk Dvr Md Rabbi,373.00
1619818,1619818 Snk Dvr Zahidul,87.00
1619824,1619824 Snk Clk Emdad,76.00
1619848,1619848 Lcpl Tech Md Aziz,200.00
1620107,1620107 Snk Op Abdulla,8.00
1620402,1620402 Snk Dvr Humiyun Kabir,10.00
1620488,1620488 Snk Dvr Md Robin,110.00
1620495,1620495 Snk C&amp;J Md Shadath,64.00
1620525,1620525 Snk Dvr Md Asad,84.00
1620721,1620721 Snk Op Rafizul Islam,48.00
1620730,1620730 Snk Op Md Tanjib,162.00
1621313,1621313 NCE Mamun,122.00
1621374,1621374 Snk Dvr Md Sobuz Mia,105.00
1621411,1621411 Snk Emon Hasan,189.00
1621486,1621486 Snk Op Md Shahin,1583.00
1621822,1621822 Snk oP SHAHALOM,174.00
1621947,1621947 Snk Dvr Md Rabbni,1123.00
1622098,1622098 Snk Op Md Mehidi,145.00
1622164,1622164 snk op Naimul,4.00
1622273,1622273 Snk Dvr Alauddin,30.00
1622432,1622432 Snk Op Md Akter,1336.00
1622555,1622555 Snk Op Md Awal,40.00
1622566,1622566 Clp (Crypto) Atiqur Rahman,137.00
1622569,1622569 Snk Op Md Nasir,200.00
1622711,1622711 NCE Rafiqul,969.00
1622821,1622821 Snk Op Md Abdullah,95.00
1622907,1622907 Snk Dvr Md Asraful,30.00
1623024,1623024 Snk Op Azizul,32.00
1623164,1623164 Snk Dvr Md Ali,45.00
1623185,1623185 Snk Op Md Faisal,20.00
1623285,1623285 Snk WS Md Rajib,37.00
1623331,1623331 Snk Dvr Md Alamin,82.00
1623352,1623352 Snk Op Md Moin,87.00
1623408,1623408 Snk Dvr Md Khokun,20.00
1623509,1623509 Snk Op Md Saiful,152.00
1623525,1623525 Snk Op Md Sabbir,20.00
1623625,1623625 Snk Cook Md Mizan,164.00
1623684,1623684 Snk Dvr Md Mazahar,48.00
1623698,1623698 Snk cook Nasim,60.00
1623700,1623700 Snk Op Md Shahin,385.00
1623857,1623857 Snk OP Md Lahim,65.00
1623887,1623887 Snk Tech Md Shamim,70.00
1623917,1623917 Snk Tech Md Sobo,150.00
1623996,1623996 Snk Dvr Md Nuruzzaman,329.00
1624080,1624080 Snk Dvr Md Tuhin,40.00
1624125,1624125 Snk Op Md Shariyar ,321.00
1624134,1624134 snk Tech Md Obidur,587.00
1624156,1624156 snk WS Md Abir,114.00
1624215,1624215 Snk Op Md Azizul,45.00
1624279,1624279 Snk Op Md Masud,23.00
1624305,1624305 snk op Rakib,70.00
1624459,1624459 Snk WS Md Ruhul,241.00
1624609,1624609 Snk Op Md Al Mamun,107.00
1624640,1624640 Snk Op Eikra talukder,469.00
1624743,1624743 Snk Clk Mustafizur,90.00
1624751,1624751 Snk Op Md Rashidul,36.00
1624764,1624764 Snk Dvr Md Sabbir,154.00
1624863,1624863 Snk Op Md Zahid,60.00
1624877,1624877 Snk Dvr Md Helal,20.00
1624917,1624917 Snk Op Md Samrat,305.00
1624934,1624934 Snk Op Md Elius,42.00
1624957,1624957 Snk Op Md Tanvir,54.00
1624982,1624982 NCE Arif,2663.00
1624987,1624987 Nce Mahedi,560.00
1625016,1625016 Snk Dtmn Md Jahidul Islam,35.00
1625018,1625018 Snk OP Md Sumon Hosen,75.00
1625039,1625039 Snk Op Md Munna Ali,2226.00
1625158,1625158 Snk Tech Md Rowshon Sarkar,110.00
1625211,1625211 Snk Ds Md Mezbaul Alom Tasin,20.00
1625255,1625255 Snk Op Md Soriful Islam,184.00
1625317,1625317 Snk Ds Mostafijur Rahman,729.00
1625421,1625421 Snk Clk Ayesha,185.00
1625466,1625466 Snk Op Md Sahariya Islam,292.00
1625616,1625616 Snk Clk Rifat,40.00
1625793,1625793 Snk OP Saikul Islam shuvo,22.00
1625820,1625820 Snk Tech Nasibul islam,100.00
1625937,1625937 Snk Op Tahomina,343.00
1625974,1625974 Snk Op Rashed,40.00
1626004,1626004 Snk Ds Kaife,177.00
2415054,2415054 Cpl Md Raju,93.00
2418738,2418738  EME Snk  Asad,459.00
N/A,civil 15107 Sohanur,547.00
N/A,Civil Jubayer 99,12.00
