Customer Number,Customer Name,Previous Outstanding,New Due,Cutting Amount
1612908,1612908 Sgt Crypto Md Mofizul,0.00,1330.00,1330.00
1613136,1613136 Sgt Crypto Md Sirazul,0.00,10.00,10.00
1613418,1613418 Sgt Ds Raton,0.00,1835.00,1835.00
1613503,1613503 Lcpl WS Saiful,0.00,32.00,32.00
1613901,1613901 Lcpl Md Atiar,0.00,20.00,20.00
1613924,1613924 Sgt Op Mahabu,0.00,60.00,60.00
1614066,1614066 sgt tech Mizan,0.00,254.00,254.00
1614106,1614106 Sgt Op Md Riaz,0.00,494.00,494.00
1614157,1614157 sgt Sofiquel islam,0.00,1224.00,1224.00
1614178,1614178 sgt(op) MD NUR NOBI,0.00,410.00,410.00
1614371,1614371 sgt op Hosen,0.00,1716.00,1716.00
1614395,1614395 Cpl (Dvr) Md Nur Islam,0.00,1425.00,1425.00
1614484,1614484 sgt op aminul islam,0.00,316.00,316.00
1614509,1614509 Sgt Op Md Motiur,0.00,50.00,50.00
1614512,1614512 Sgt (D/S) Elias Repon,0.00,110.00,110.00
1614741,1614741 Lcpl Cook Md Moklesh,0.00,45.00,45.00
1614745,1614745 Sgt Op Md Emdad,0.00,1236.00,1236.00
1614831,1614831 Sgt Op Sorkar Aktarujaman,0.00,884.00,884.00
1614893,1614893 Sgt  cook Robiul,0.00,2880.00,2880.00
1614914,1614914 cpl ws tofazzol,0.00,2960.00,2960.00
1614947,1614947 Cpl Op Md Sha Alam,0.00,410.00,410.00
1614985,1614985 Nce Kamal,0.00,90.00,90.00
1614989,1614989 NCE Ibrhim,0.00,70.00,70.00
1615018,1615018 sgt cry md nahid,0.00,1188.00,1188.00
1615298,1615298 cpl ws  Md kalam,0.00,247.00,247.00
1615322,1615322 Cpl Dvr Md Aminul,0.00,92.00,92.00
1615426,1615426 Lcpl Cook Ismail,0.00,700.00,700.00
1615508,1615508 Cpl Cook Sultan,0.00,770.00,770.00
1615753,1615753 Cpl Dvr Md Aminur,0.00,564.00,564.00
1615801,1615801 Cpl op Rasel,0.00,40.00,40.00
1615899,1615899 NCE Alamgir,0.00,3105.00,3105.00
1615936,1615936 Cpl DS Moniam,0.00,840.00,840.00
1615976,1615976 sgt TECH  Rubel Hosen,0.00,6456.00,6456.00
1616172,1616172 sgt[clk] md khairul alom,0.00,155.00,155.00
1616451,1616451 Cpl Dvr Md Ahad,0.00,130.00,130.00
1616452,1616452 CPL [OP] MD FARUK HOSAIN,0.00,15.00,15.00
1616851,1616851 Cpl Abdul Kader,0.00,5491.00,5491.00
1617054,1617054 CplTech Motiur Rahman,0.00,744.00,744.00
1617113,1617113 Sgt Crypto Mahamud,0.00,386.00,386.00
1617137,1617137 UP Lcpl Tech Md Kalam,0.00,48.00,48.00
1617154,1617154 Cpl (DS) MD Shohel,0.00,210.00,210.00
1617289,1617289 SNK Ds Nobel,0.00,1239.00,1239.00
1617346,1617346 Sgt Crypto Md Shabuz Mia,0.00,78.00,78.00
1617389,1617389 Cpl Tech Md Sahidar,0.00,112.00,112.00
1617635,1617635 Lcpl Dvr Md Khirul,0.00,60.00,60.00
1617651,1617651 cpl smt Azmirul,0.00,3127.00,3127.00
1617652,1617652 Cpl Op Golam Robbani,0.00,3069.00,3069.00
1617732,1617732 Lcpl Dvr Md Al Mamun,0.00,50.00,50.00
1617763,1617763 Cpl Tech Sumon,0.00,37.00,37.00
1617765,1617765 cpl Dvr Masud,0.00,613.00,613.00
1617887,1617887 cpl Op Md Mahamudul,0.00,30.00,30.00
1617889,1617889 Lcpl Tech Md Rubel,0.00,137.00,137.00
1617931,1617931 Snk Dvr Md Asfak,0.00,702.00,702.00
1617937,1617937 Lcpl Op Hasibul,0.00,130.00,130.00
1617986,1617986 Cpl Dvr Md Arif,0.00,11783.00,11783.00
1618064,1618064 Sgt Crypto Md Ebadat,0.00,2243.00,2243.00
1618190,1618190 Cpl Clk Shibli,0.00,4189.00,4189.00
1618228,1618228 Cpl(Tech) Md Obidullah,0.00,285.00,285.00
1618229,1618229 cpl op ahasan habib hridoy,0.00,1661.00,1661.00
1618277,1618277 Snk Minhaz,0.00,2037.00,2037.00
1618347,1618347 Snk Cook Md Labu,0.00,4013.00,4013.00
1618358,1618358 Cpl Tech Md Zahid,0.00,182.00,182.00
1618535,1618535 Lcpl WS Md Mizan,0.00,48.00,48.00
1618546,1618546 Snk Cook Md Earshed,0.00,594.00,594.00
1618620,1618620 Lcpl Op Miso,0.00,555.00,555.00
1619174,1619174 Snk Cook Ruall mun Boom,0.00,271.00,271.00
1619191,1619191 Snk Cook Md Muzahid,0.00,2292.00,2292.00
1619228,1619228 nce saidur,0.00,158.00,158.00
1619262,1619262 NCE Ashraful,0.00,2169.00,2169.00
1619467,1619467 lcpl DS Md Salman,0.00,1718.00,1718.00
1619503,1619503 Snk Dvr Sazzad,0.00,758.00,758.00
1619538,1619538 Snk Dvr Md Masud,0.00,381.00,381.00
1619563,1619563 Snk Dvr Rakib,0.00,10.00,10.00
1619712,1619712 Snk Dvr Md Rabbi,0.00,4008.00,4008.00
1619722,1619722  Lcpl Tech Rounok,0.00,44.00,44.00
1619760,1619760 UP Lcpl tech Md Arif,0.00,15.00,15.00
1619794,1619794 Snk Dvr Md Rubel,0.00,410.00,410.00
1619818,1619818 Snk Dvr Zahidul,0.00,401.00,401.00
1619824,1619824 Lcpl Clk Emdad,0.00,675.00,675.00
1619848,1619848 Lcpl Tech Md Aziz,0.00,459.00,459.00
1619872,1619872 Cpl Crypto  Parvez,0.00,681.00,681.00
1620088,1620088 Snk Ds Jashim,0.00,130.00,130.00
1620107,1620107 Snk Op Abdulla,0.00,309.00,309.00
1620117,1620117 Snk ws Forhat,0.00,275.00,275.00
1620154,1620154  Lcpl OP Shohel,0.00,487.00,487.00
1620184,1620184 Snk Dvr Md Numan,0.00,260.00,260.00
1620309,1620309 Snk Op Md Tawfiq,0.00,152.00,152.00
1620317,1620317 Snk Dvr Alamin,0.00,325.00,325.00
1620379,1620379 Snk Dvr Md Limon,0.00,777.00,777.00
1620402,1620402 Snk Dvr Humiyun Kabir,0.00,239.00,239.00
1620443,1620443 snk ws md arif,0.00,453.00,453.00
1620457,1620457 op Estiak ahmed,0.00,452.00,452.00
1620475,1620475  snk  rasel clk,0.00,24.00,24.00
1620488,1620488 Snk Dvr Md Robin,0.00,1089.00,1089.00
1620495,1620495 Snk C&amp;J Md Shadath,0.00,84.00,84.00
1620525,1620525 Snk Dvr Md Asad,0.00,275.00,275.00
1620545,1620545 Snk Op Md Samsul,0.00,459.00,459.00
1620558,1620558 Snk WS Md Rabiul,0.00,66.00,66.00
1620639,1620639 Snk Op Md Kader,0.00,575.00,575.00
1620721,1620721 Snk Op Rafizul Islam,0.00,1233.00,1233.00
1620730,1620730 Snk Op Md Tanjib,0.00,1604.00,1604.00
1620821,1620821 snk ws  ashik,0.00,521.00,521.00
1620841,1620841 UP Lcpl op Md Zihad,0.00,280.00,280.00
1620973,1620973 Snk (dtmn)  limon mia,0.00,542.00,542.00
1621247,1621247 SNK (OP) SOHRAB HOSEN,0.00,30.00,30.00
1621313,1621313 NCE Mamun,0.00,1001.00,1001.00
1621374,1621374 Snk Dvr Md Sobuz Mia,0.00,547.00,547.00
1621411,1621411 Snk Emon Hasan,0.00,2585.00,2585.00
1621442,1621442 Snk Op Yamin Mullah,0.00,316.00,316.00
1621486,1621486 Snk Op Md Shahin,0.00,4778.00,4778.00
1621493,1621493 Cpl Cry Shariya,0.00,502.00,502.00
1621517,1621517 Snk Op Md Subo,0.00,409.00,409.00
1621760,1621760 Snk Tech Md Mosabbir,0.00,236.00,236.00
1621822,1621822 Snk oP SHAHALOM,0.00,2199.00,2199.00
1621947,1621947 Snk Dvr Md Rabbni,0.00,1941.00,1941.00
1621982,1621982 Snk Op Md Pervez,0.00,28.00,28.00
1622098,1622098 Snk Op Md Mehidi,0.00,497.00,497.00
1622135,1622135 Snk Dvr Md Rakibul,0.00,102.00,102.00
1622164,1622164 snk op Naimul,0.00,57.00,57.00
1622210,1622210 UP Lcpl Md Rezaul,0.00,144.00,144.00
1622273,1622273 Snk Dvr Alauddin,0.00,318.00,318.00
1622404,1622404 Snk Tech Md Hai,0.00,75.00,75.00
1622422,1622422 uo lcpl Op Md Rasel,0.00,60.00,60.00
1622432,1622432 Snk Op Md Akter,0.00,1392.00,1392.00
1622474,1622474 Snk Op Dulal,0.00,70.00,70.00
1622481,1622481 Snk Op Md Masud,0.00,70.00,70.00
1622518,1622518 Snk Op Md Atick,0.00,366.00,366.00
1622546,1622546 Snk Op Md Topu  Rihan,0.00,25.00,25.00
1622555,1622555 Snk Op Md Awal,0.00,511.00,511.00
1622566,1622566 Clp (Crypto) Atiqur Rahman,0.00,502.00,502.00
1622569,1622569 Snk Op Md Nasir,0.00,1795.00,1795.00
1622583,1622583 Snk Op Md Yasin,0.00,107.00,107.00
1622597,1622597 Snk Op Ismail Hossain,0.00,82.00,82.00
1622639,1622639 Snk Dvr Md Musaraf,0.00,427.00,427.00
1622674,1622674 CPL(CRY) Md AHSAN HABIB,0.00,359.00,359.00
1622700,1622700 Snk Op Srinath,0.00,752.00,752.00
1622711,1622711 NCE Rafiqul,0.00,1642.00,1642.00
1622821,1622821 Snk Op Md Abdullah,0.00,95.00,95.00
1622840,1622840 Snk Tech Nur Bokto,0.00,90.00,90.00
1622907,1622907 Snk Dvr Md Asraful,0.00,1638.00,1638.00
1622930,1622930 Snk Op Md Sakawat,0.00,1160.00,1160.00
1622982,1622982 Snk Op Sakib,0.00,229.00,229.00
1623024,1623024 Snk Op Azizul,0.00,249.00,249.00
1623058,1623058 Snk Md Tarikul,0.00,592.00,592.00
1623075,1623075 Snk Op Md Mafuz,0.00,90.00,90.00
1623089,1623089 Snk Op Md Tarikul,0.00,50.00,50.00
1623095,1623095 Snk Op Md Alamin,0.00,251.00,251.00
1623128,1623128 Snk Op Md Hasibul,0.00,140.00,140.00
1623140,1623140 Snk Op Md Nahid,0.00,430.00,430.00
1623185,1623185 Snk Op Md Faisal,0.00,433.00,433.00
1623221,1623221 Snk Clk Md Mojahed,0.00,2414.00,2414.00
1623225,1623225 Snk Op Md Asikur,0.00,20.00,20.00
1623237,1623237 Snk Op Barak Ali,0.00,708.00,708.00
1623285,1623285 Snk WS Md Rajib,0.00,37.00,37.00
1623331,1623331 Snk Dvr Md Alamin,0.00,688.00,688.00
1623352,1623352 Snk Op Md Moin,0.00,395.00,395.00
1623370,1623370 Snk Op Md Shamim,0.00,180.00,180.00
1623379,1623379 Snk WS Md Limon,0.00,200.00,200.00
1623408,1623408 Snk Dvr Md Khokun,0.00,352.00,352.00
1623445,1623445 Snk Op Md Sagor,0.00,247.00,247.00
1623509,1623509 Snk Op Md Saiful,0.00,753.00,753.00
1623525,1623525 Snk Op Md Sabbir,0.00,399.00,399.00
1623573,1623573 Snk Dvr Md Washim,0.00,477.00,477.00
1623618,1623618 Snk Op Nusrat,0.00,87.00,87.00
1623625,1623625 Snk Cook Md Mizan,0.00,2154.00,2154.00
1623629,1623629 Snk Op Sujoy,0.00,60.00,60.00
1623684,1623684 Snk Dvr Md Mazahar,0.00,2230.00,2230.00
1623698,1623698 Snk cook Nasim,0.00,560.00,560.00
1623700,1623700 Snk Op Md Shahin,0.00,4408.00,4408.00
1623731,1623731 Snk DS Md Pervez,0.00,992.00,992.00
1623765,1623765 Snk Md Samiul Alin,0.00,583.00,583.00
1623774,1623774 snk sobuj,0.00,2452.00,2452.00
1623775,1623775 Snk Tech Md Arif,0.00,60.00,60.00
1623857,1623857 Snk OP Md Lahim,0.00,2734.00,2734.00
1623868,1623868 Snk Tech Md Simum,0.00,355.00,355.00
1623887,1623887 Snk Tech Md Shamim,0.00,595.00,595.00
1623917,1623917 Snk Tech Md Sobo,0.00,1107.00,1107.00
1623945,1623945 Snk Tech Md Sojib,0.00,66.00,66.00
1623996,1623996 Snk Dvr Md Nuruzzaman,0.00,829.00,829.00
1624024,1624024 Snk Dvr Rony,0.00,1170.00,1170.00
1624046,1624046 Snk Op Md Redoy,0.00,860.00,860.00
1624063,1624063 Snk Op Md Monir,0.00,604.00,604.00
1624080,1624080 Snk Dvr Md Tuhin,0.00,789.00,789.00
1624100,1624100 Snk Tech Md Bappi,0.00,688.00,688.00
1624125,1624125 Snk Op Md Shariyar,0.00,2080.00,2080.00
1624130,1624130 Snk Op Nabil,0.00,65.00,65.00
1624134,1624134 snk Tech Md Obidur,0.00,3480.00,3480.00
1624156,1624156 snk WS Md Abir,0.00,246.00,246.00
1624215,1624215 Snk Op Md Azizul,0.00,507.00,507.00
1624243,1624243 Snk Op Asamone,0.00,10.00,10.00
1624261,1624261 Snk Op Md Mehidi,0.00,930.00,930.00
1624279,1624279 Snk Op Md Masud,0.00,2913.00,2913.00
1624293,1624293 Snk Op Md Asik,0.00,68.00,68.00
1624305,1624305 snk op Rakib,0.00,870.00,870.00
1624412,1624412 Snk WS Md Mahamud,0.00,90.00,90.00
1624459,1624459 Snk WS Md Ruhul,0.00,2372.00,2372.00
1624477,1624477 Snk Op Imon,0.00,213.00,213.00
1624573,1624573 Snk Dvr Md Mamun,0.00,22.00,22.00
1624594,1624594 Snk Op Md Nur uddin,0.00,75.00,75.00
1624598,1624598 Snk OP Md Zahid,0.00,445.00,445.00
1624601,1624601 Snk WS Md Ruhul,0.00,160.00,160.00
1624609,1624609 Snk Op Md Al Mamun,0.00,927.00,927.00
1624640,1624640 Snk Op Eikra talukder,0.00,642.00,642.00
1624683,1624683 Snk Tech Md Sakib,0.00,100.00,100.00
1624686,1624686 Snk Op Md Arman,0.00,1215.00,1215.00
1624719,1624719 Snk Op Md Obaidur,0.00,219.00,219.00
1624743,1624743 Snk Clk Mustafizur,0.00,571.00,571.00
1624751,1624751 Snk Op Md Rashidul,0.00,926.00,926.00
1624764,1624764 Snk Dvr Md Sabbir,0.00,2165.00,2165.00
1624767,1624767 Snk Dvr Md Imon,0.00,20.00,20.00
1624863,1624863 Snk Op Md Zahid,0.00,1526.00,1526.00
1624877,1624877 Snk Dvr Md Helal,0.00,355.00,355.00
1624885,1624885 Snk Op Bipul,0.00,708.00,708.00
1624912,1624912 Snk Tech Md Sahim,0.00,10.00,10.00
1624917,1624917 Snk Op Md Samrat,0.00,1245.00,1245.00
1624934,1624934 Snk Op Md Elius,0.00,513.00,513.00
1624957,1624957 Snk Op Md Tanvir,0.00,702.00,702.00
1624982,1624982 NCE Arif,0.00,3772.00,3772.00
1624987,1624987 Nce Mahedi,0.00,4917.00,4917.00
1625016,1625016 Snk Dtmn Md Jahidul Islam,0.00,294.00,294.00
1625018,1625018 Snk OP Md Sumon Hosen,0.00,164.00,164.00
1625039,1625039 Snk Op Md Munna Ali,0.00,2584.00,2584.00
1625045,1625045 Snk Ds Md Habibur Rahman,0.00,30.00,30.00
1625083,1625083 Snk Op Md Mushfikur Rahman,0.00,647.00,647.00
1625126,1625126 Snk Op Sorif Ahmmed,0.00,119.00,119.00
1625135,1625135 Snk Op Samim Ahmod,0.00,254.00,254.00
1625158,1625158 Snk Tech Md Rowshon Sarkar,0.00,359.00,359.00
1625211,1625211 Snk Ds Md Mezbaul Alom Tasin,0.00,242.00,242.00
1625218,1625218 Snk Tech Md Ahad Ali,0.00,40.00,40.00
1625255,1625255 Snk Op Md Soriful Islam,0.00,2099.00,2099.00
1625258,1625258 Snk Op Md Ahosan Habib,0.00,115.00,115.00
1625259,1625259 snk (op) Limon,0.00,759.00,759.00
1625266,1625266 Snk Ds Md Rashidul Islam,0.00,1348.00,1348.00
1625272,1625272 Snk Op Md Rabbi Hosen,0.00,980.00,980.00
1625421,1625421 Snk Clk Ayesha,0.00,425.00,425.00
1625445,1625445 Snk Tech Mst Onnono Yeasmin,0.00,162.00,162.00
1625466,1625466 Snk Op Md Sahariya Islam,0.00,2933.00,2933.00
1625480,1625480 Snk Op Md Mushfikur Rahman Maruf,0.00,466.00,466.00
1625527,1625527 Snk Ws Aminur Rahman Ridoy,0.00,1248.00,1248.00
1625609,1625609 nce samir,0.00,3398.00,3398.00
1625616,1625616 Snk Clk Rifat,0.00,555.00,555.00
1625669,1625669 Snk Clk Ismail,0.00,276.00,276.00
1625735,1625735 Snk Ws Rafi,0.00,214.00,214.00
1625782,1625782 Snk op Rakib,0.00,42.00,42.00
1625820,1625820 Snk Tech Nasibul islam,0.00,1350.00,1350.00
1625937,1625937 Snk Op Tahomina,0.00,895.00,895.00
1625974,1625974 Snk Op Rashed,0.00,387.00,387.00
1626004,1626004 Snk Ds Kaife,0.00,533.00,533.00
169874,169874 snk op tamjil,0.00,56.00,56.00
169876,169876 snk cook rojob,0.00,135.00,135.00
2000,2000       Hasan dhupi,0.00,3361.00,3361.00
2415054,2415054 Cpl Md Raju,0.00,113.00,113.00
2415881,2415881 Lcpl Monir,0.00,1052.00,1052.00
2418738,2418738  EME Snk  Asad,0.00,1597.00,1597.00
4061455,4061455 snk Rabbi,0.00,55.00,55.00
4069565,4069565 snk rasel,0.00,175.00,175.00
BA-10654,"BA-10654 Capt Md Khairul Islam, Sigs",0.00,65.00,65.00
BA-10666,BA-10666 Maj Mehedi Hasah,0.00,154.00,154.00
BA-11523,"BA-11523 Lt K M Habib Hasan Saikat, Sigs",0.00,267.00,267.00
BA-12039,BA-12039 lt Rafid,0.00,230.00,230.00
BA-8938,"BA-8938 Maj Tahsin Abdullah, Sigs",0.00,215.00,215.00
BA-9794,"BA-9794 Capt Owiais Bin Dastagir, Sigs",0.00,232.00,232.00
