"Customer Number","Customer ID","Customer Name",Mobile,"Previous Outstanding","New Due","Cutting Amount"
1614484,2493,"1614484 sgt op aminul islam",1791462601,0,85,85
1614745,1751,"1614745 Sgt Op Md Emdad",1111111512,0,10,10
1614831,2418,"1614831 Sgt Op Sorkar Aktarujaman",111111111111111,0,270,270
1614893,2465,"1614893 cpl cook robiul",,0,260,260
1614914,2504,"1614914 cpl ws tofazzol",,0,4866,4866
1615018,2499,"1615018 sgt cry md nahid",,0,85,85
1615298,2524,"1615298 cpl ws  Md kalam",000,0,125,125
1615508,2549,"1615508 Cpl Cook Sultan",01737030387,0,770,770
1615936,2099,"1615936 Cpl DS Moniam",,0,116,116
1616151,2451,"1616151 nce sumon ali",01769100104,0,120,120
1616172,2523,"1616172 sgt[clk] md khairul alom",01718348144,0,62,62
1616851,2200,"1616851 Cpl Abdul Kader",01769668015,0,534,534
1617054,2338,"1617054 CplTech Motiur Rahman",01922476824,0,744,744
1617289,2101,"1617289 Lcpl Nobel",,0,107,107
1617346,1613,"1617346 Sgt Crypto Md Shabuz Mia",1111111374,0,24,24
1617651,2530,"1617651 cpl smt Azmirul",01850853457,0,216,216
1617652,2336,"1617652 Cpl Op Golam Robbani",01750554267,0,232,232
1617765,1421,"1617765 cpl Dvr Masud",1111111182,0,49,49
1617986,1998,"1617986 Cpl Dvr Md Arif",1111111759,0,7305,7305
1618064,1984,"1618064 Sgt Crypto Md Ebadat",1111111745,0,60,60
1618190,2548,"1618190 Cpl Clk Shibli",,0,317,317
1618347,1632,"1618347 Snk Cook Md Labu",1111111393,0,400,400
1618546,1707,"1618546 Snk Cook Md Earshed",1111111468,0,46,46
1619191,1564,"1619191 Snk Cook Md Muzahid",1111111325,0,1829,1829
1619262,2121,"1619262 NCE Ashraful",,0,250,250
1619467,1437,"1619467 lcpl DS Md Salman",1111111198,0,254,254
1619503,1367,"1619503 Snk Dvr Sazzad",1111111128,0,110,110
1619712,2009,"1619712 Snk Dvr Md Rabbi",1111111770,0,373,373
1619818,2091,"1619818 Snk Dvr Zahidul",01772051392,0,87,87
1619824,1714,"1619824 Snk Clk Emdad",1111111475,0,76,76
1619848,1568,"1619848 Lcpl Tech Md Aziz",01750926376,0,200,200
1620107,2223,"1620107 Snk Op Abdulla",01747585029,0,8,8
1620402,1373,"1620402 Snk Dvr Humiyun Kabir",1111111134,0,10,10
1620488,1844,"1620488 Snk Dvr Md Robin",1111111605,0,110,110
1620495,1441,"1620495 Snk C&amp;J Md Shadath",1111111202,0,64,64
1620525,1771,"1620525 Snk Dvr Md Asad",1111111532,0,84,84
1620721,1374,"1620721 Snk Op Rafizul Islam",1111111135,0,48,48
1620730,1847,"1620730 Snk Op Md Tanjib",1111111608,0,162,162
1621313,2069,"1621313 NCE Mamun",1111111830,0,122,122
1621374,1774,"1621374 Snk Dvr Md Sobuz Mia",01775088787,0,105,105
1621411,2193,"1621411 Snk Emon Hasan",01846355429,0,189,189
1621486,1775,"1621486 Snk Op Md Shahin",1111111536,0,1583,1583
1621822,2450,"1621822 Snk oP SHAHALOM",000000000000000,0,174,174
1621947,1647,"1621947 Snk Dvr Md Rabbni",1111111408,0,1123,1123
1622098,1862,"1622098 Snk Op Md Mehidi",1111111623,0,145,145
1622164,2539,"1622164 snk op Naimul",01797710762,0,4,4
1622273,1381,"1622273 Snk Dvr Alauddin",1111111142,0,30,30
1622432,1650,"1622432 Snk Op Md Akter",1111111111,0,1336,1336
1622555,1579,"1622555 Snk Op Md Awal",1111111340,0,40,40
1622566,2208,"1622566 Clp (Crypto) Atiqur Rahman",01773186010,0,137,137
1622569,1580,"1622569 Snk Op Md Nasir",1111111341,0,200,200
1622711,2073,"1622711 NCE Rafiqul",1111111834,0,969,969
1622821,1780,"1622821 Snk Op Md Abdullah",1111111541,0,95,95
1622907,1943,"1622907 Snk Dvr Md Asraful",1111111704,0,30,30
1623024,1660,"1623024 Snk Op Azizul",1111111421,0,32,32
1623164,1944,"1623164 Snk Dvr Md Ali",1111111705,0,45,45
1623185,2039,"1623185 Snk Op Md Faisal",1111111800,0,20,20
1623285,1788,"1623285 Snk WS Md Rajib",1111111549,0,37,37
1623331,2042,"1623331 Snk Dvr Md Alamin",1111111803,0,82,82
1623352,1789,"1623352 Snk Op Md Moin",1111111550,0,87,87
1623408,2043,"1623408 Snk Dvr Md Khokun",1111111804,0,20,20
1623509,1949,"1623509 Snk Op Md Saiful",1111111710,0,152,152
1623525,1597,"1623525 Snk Op Md Sabbir",1111111358,0,20,20
1623625,2045,"1623625 Snk Cook Md Mizan",1111111806,0,164,164
1623684,1737,"1623684 Snk Dvr Md Mazahar",1111111498,0,48,48
1623698,2222,"1623698 Snk cook Nasim",2225646565,0,60,60
1623700,1838,"1623700 Snk Op Md Shahin",1111111599,0,385,385
1623857,1792,"1623857 Snk OP Md Lahim",1111111553,0,65,65
1623887,1741,"1623887 Snk Tech Md Shamim",1111111502,0,70,70
1623917,1454,"1623917 Snk Tech Md Sobo",1111111215,0,150,150
1623996,1600,"1623996 Snk Dvr Md Nuruzzaman",1111111361,0,329,329
1624080,1794,"1624080 Snk Dvr Md Tuhin",1111111555,0,40,40
1624125,1382,"1624125 Snk Op Md Shariyar ",1111111143,0,321,321
1624134,1956,"1624134 snk Tech Md Obidur",1111111717,0,587,587
1624156,2050,"1624156 snk WS Md Abir",1111111811,0,114,114
1624215,1664,"1624215 Snk Op Md Azizul",1111111425,0,45,45
1624279,1959,"1624279 Snk Op Md Masud",1111111720,0,23,23
1624305,2111,"1624305 snk op Rakib",01989909247,0,70,70
1624459,1526,"1624459 Snk WS Md Ruhul",1111111287,0,241,241
1624609,1478,"1624609 Snk Op Md Al Mamun",1111111239,0,107,107
1624640,1481,"1624640 Snk Op Eikra talukder",01887135252,0,469,469
1624743,1457,"1624743 Snk Clk Mustafizur",1111111218,0,90,90
1624751,1492,"1624751 Snk Op Md Rashidul",1111111253,0,36,36
1624764,1514,"1624764 Snk Dvr Md Sabbir",1111111275,0,154,154
1624863,1498,"1624863 Snk Op Md Zahid",1111111259,0,60,60
1624877,1519,"1624877 Snk Dvr Md Helal",01798302235,0,20,20
1624917,1501,"1624917 Snk Op Md Samrat",1111111262,0,305,305
1624934,1504,"1624934 Snk Op Md Elius",1111111265,0,42,42
1624957,1505,"1624957 Snk Op Md Tanvir",1111111266,0,54,54
1624982,2131,"1624982 NCE Arif",,0,2663,2663
1624987,2188,"1624987 Nce Mahedi",01988444050,0,560,560
1625016,2261,"1625016 Snk Dtmn Md Jahidul Islam",,0,35,35
1625018,2262,"1625018 Snk OP Md Sumon Hosen",,0,75,75
1625039,2266,"1625039 Snk Op Md Munna Ali",,0,2226,2226
1625158,2280,"1625158 Snk Tech Md Rowshon Sarkar",,0,110,110
1625211,2282,"1625211 Snk Ds Md Mezbaul Alom Tasin",,0,20,20
1625255,2288,"1625255 Snk Op Md Soriful Islam",,0,184,184
1625317,2298,"1625317 Snk Ds Mostafijur Rahman",,0,729,729
1625421,2302,"1625421 Snk Clk Ayesha",,0,185,185
1625466,2309,"1625466 Snk Op Md Sahariya Islam",,0,292,292
1625616,2427,"1625616 Snk Clk Rifat",111111111111111,0,40,40
1625793,2445,"1625793 Snk OP Saikul Islam shuvo",111111111111111,0,22,22
1625820,2443,"1625820 Snk Tech Nasibul islam",111111111111112,0,100,100
1625937,2437,"1625937 Snk Op Tahomina",11111111111116,0,343,343
1625974,2438,"1625974 Snk Op Rashed",11111111126,0,40,40
1626004,2447,"1626004 Snk Ds Kaife",01783860359,0,177,177
2415054,2063,"2415054 Cpl Md Raju",1111111824,0,93,93
2418738,2117,"2418738  EME Snk  Asad",01630521633,0,459,459
N/A,2135,"civil 15107 Sohanur",,0,547,547
N/A,2122,"Civil Jubayer 99",01855820064,0,12,12
